jaspar_matrix	jaspar_id	uniprot_id	gene_name
MA0002.2	RUNX1	Q01196	RUNX1
MA0003.4	TFAP2A	P05549	TFAP2A
MA0004.1	Arnt	P53762	Arnt
MA0006.1	Ahr::Arnt	P30561	Ahr
MA0006.1	Ahr::Arnt	P53762	Arnt
MA0007.3	Ar	P19091	Ar
MA0009.2	TBXT	O15178	TBXT
MA0014.3	PAX5	Q02548	PAX5
MA0017.2	NR2F1	P10589	NR2F1
MA0018.4	CREB1	P16220	CREB1
MA0019.1	Ddit3::Cebpa	Q62857	Ddit3
MA0019.1	Ddit3::Cebpa	P05554	Cebpa
MA0024.3	E2F1	Q01094	E2F1
MA0025.2	NFIL3	Q16649	NFIL3
MA0027.2	EN1	Q05925	EN1
MA0028.2	ELK1	P19419	ELK1
MA0029.1	Mecom	A4QPC8	Mecom
MA0030.1	FOXF2	Q12947	FOXF2
MA0031.1	FOXD1	Q16676	FOXD1
MA0032.2	FOXC1	Q12948	FOXC1
MA0033.2	FOXL1	Q12952	FOXL1
MA0035.4	GATA1	P15976	GATA1
MA0036.3	GATA2	P23769	GATA2
MA0037.3	GATA3	P23771	GATA3
MA0038.2	GFI1	Q99684	GFI1
MA0039.4	KLF4	O43474	KLF4
MA0040.1	Foxq1	Q63244	Foxq1
MA0041.1	Foxd3	Q63245	Foxd3
MA0042.2	FOXI1	Q12951	FOXI1
MA0043.3	HLF	Q16534	HLF
MA0046.2	HNF1A	P20823	HNF1A
MA0047.3	FOXA2	Q9Y261	FOXA2
MA0048.2	NHLH1	Q02575	NHLH1
MA0050.2	IRF1	P10914	IRF1
MA0051.1	IRF2	P14316	IRF2
MA0052.4	MEF2A	Q02078	MEF2A
MA0056.2	MZF1	P28698	MZF1
MA0057.1	MZF1(var.2)	P28698	MZF1
MA0058.3	MAX	P61244	MAX
MA0059.1	MAX::MYC	P61244	MAX
MA0059.1	MAX::MYC	P01106	MYC
MA0060.3	NFYA	P23511	NFYA
MA0062.3	GABPA	Q06546	GABPA
MA0063.2	NKX2-5	P52952	NKX2-5
MA0065.2	Pparg::Rxra	P37238	Pparg
MA0065.2	Pparg::Rxra	P28700	Rxra
MA0066.1	PPARG	P37231	PPARG
MA0067.1	Pax2	P32114	Pax2
MA0068.2	PAX4	O43316	PAX4
MA0069.1	PAX6	P26367	PAX6
MA0070.1	PBX1	P40424	PBX1
MA0071.1	RORA	P35398	RORA
MA0072.1	RORA(var.2)	P35398	RORA
MA0073.1	RREB1	Q92766	RREB1
MA0074.1	RXRA::VDR	P19793	RXRA
MA0074.1	RXRA::VDR	P11473	VDR
MA0075.3	PRRX2	Q99811	PRRX2
MA0076.2	ELK4	P28324	ELK4
MA0077.1	SOX9	P48436	SOX9
MA0078.1	Sox17	Q61473	Sox17
MA0079.4	SP1	P08047	SP1
MA0080.5	SPI1	P17947	SPI1
MA0081.2	SPIB	Q01892	SPIB
MA0083.3	SRF	P11831	SRF
MA0084.1	SRY	Q05066	SRY
MA0087.1	Sox5	P35710	Sox5
MA0088.2	ZNF143	P52747	ZNF143
MA0089.2	NFE2L1	Q14494	NFE2L1
MA0090.3	TEAD1	P28347	TEAD1
MA0091.1	TAL1::TCF3	P17542	TAL1
MA0091.1	TAL1::TCF3	P15923	TCF3
MA0092.1	Hand1::Tcf3	Q64279	Hand1
MA0092.1	Hand1::Tcf3	P15806	Tcf3
MA0093.3	USF1	P22415	USF1
MA0095.2	YY1	P25490	YY1
MA0098.3	ETS1	P14921	ETS1
MA0099.3	FOS::JUN	P01100	FOS
MA0099.3	FOS::JUN	P05412	JUN
MA0100.3	MYB	P10242	MYB
MA0101.1	REL	Q04864	REL
MA0102.4	CEBPA	P49715	CEBPA
MA0103.3	ZEB1	P37275	ZEB1
MA0104.4	MYCN	P04198	MYCN
MA0105.4	NFKB1	P19838	NFKB1
MA0106.3	TP53	P04637	TP53
MA0107.1	RELA	Q04206	RELA
MA0108.2	TBP	P20226	TBP
MA0109.1	HLTF	Q95216	HLTF
MA0111.1	Spz1	Q99MY0	Spz1
MA0112.3	ESR1	P03372	ESR1
MA0113.3	NR3C1	P04150	NR3C1
MA0114.4	HNF4A	P41235	HNF4A
MA0115.1	NR1H2::RXRA	P55055	NR1H2
MA0115.1	NR1H2::RXRA	P19793	RXRA
MA0116.1	Znf423	O08961	Znf423
MA0117.2	Mafb	P54841	Mafb
MA0119.1	NFIC::TLX1	P08651	NFIC
MA0119.1	NFIC::TLX1	P31314	TLX1
MA0122.3	Nkx3-2	P97503	Nkx3-2
MA0124.2	Nkx3-1	P97436	Nkx3-1
MA0125.1	Nobox	Q8VIH1	Nobox
MA0130.1	ZNF354C	Q86Y25	ZNF354C
MA0131.2	HINFP	Q9BQA5	HINFP
MA0132.2	PDX1	P52945	PDX1
MA0135.1	Lhx3	P50481	Lhx3
MA0136.2	ELF5	Q9UKW6	ELF5
MA0137.3	STAT1	P42224	STAT1
MA0138.2	REST	Q13127	REST
MA0139.1	CTCF	P49711	CTCF
MA0140.2	GATA1::TAL1	P15976	GATA1
MA0140.2	GATA1::TAL1	P17542	TAL1
MA0141.3	ESRRB	O95718	ESRRB
MA0142.1	Pou5f1::Sox2	P20263	Pou5f1
MA0142.1	Pou5f1::Sox2	P48432	Sox2
MA0143.4	SOX2	P48431	SOX2
MA0144.2	STAT3	P40763	STAT3
MA0145.3	TFCP2	Q12800	TFCP2
MA0146.2	Zfx	P17012	Zfx
MA0147.3	MYC	P01106	MYC
MA0148.4	FOXA1	P55317	FOXA1
MA0149.1	EWSR1-FLI1	F1JVV7	EWSR1/FLI1
MA0149.1	EWSR1-FLI1	F1JVV8	EWSR1/FLI1
MA0150.2	Nfe2l2	Q60795	Nfe2l2
MA0151.1	Arid3a	Q62431	Arid3a
MA0152.1	NFATC2	Q13469	NFATC2
MA0153.2	HNF1B	P35680	HNF1B
MA0154.4	EBF1	Q9UH73	EBF1
MA0155.1	INSM1	Q01101	INSM1
MA0156.2	FEV	Q99581	FEV
MA0157.2	FOXO3	O43524	FOXO3
MA0158.2	HOXA5	P20719	HOXA5
MA0159.1	RARA::RXRA	P10276	RARA
MA0159.1	RARA::RXRA	P19793	RXRA
MA0160.1	NR4A2	P43354	NR4A2
MA0161.2	NFIC	P08651	NFIC
MA0162.4	EGR1	P18146	EGR1
MA0163.1	PLAG1	Q6DJT9	PLAG1
MA0164.1	Nr2e3	Q9QXZ7	Nr2e3
MA0258.2	ESR2	Q92731	ESR2
MA0259.1	ARNT::HIF1A	P27540	ARNT
MA0259.1	ARNT::HIF1A	Q16665	HIF1A
MA0442.2	SOX10	P56693	SOX10
MA0461.2	Atoh1	P48985	Atoh1
MA0462.2	BATF::JUN	Q16520	BATF
MA0462.2	BATF::JUN	P05412	JUN
MA0463.2	BCL6	P41182	BCL6
MA0464.2	BHLHE40	O14503	BHLHE40
MA0465.2	CDX2	Q99626	CDX2
MA0466.2	CEBPB	P17676	CEBPB
MA0467.1	Crx	O54751	Crx
MA0468.1	DUX4	Q9UBX2	DUX4
MA0469.3	E2F3	O00716	E2F3
MA0470.2	E2F4	Q16254	E2F4
MA0471.2	E2F6	O75461	E2F6
MA0472.2	EGR2	P11161	EGR2
MA0473.3	ELF1	P32519	ELF1
MA0474.2	ERG	P11308	ERG
MA0475.2	FLI1	Q01543	FLI1
MA0476.1	FOS	P01100	FOS
MA0477.2	FOSL1	P15407	FOSL1
MA0478.1	FOSL2	P15408	FOSL2
MA0479.1	FOXH1	O75593	FOXH1
MA0480.1	Foxo1	Q9R1E0	Foxo1
MA0481.3	FOXP1	Q9H334	FOXP1
MA0482.2	GATA4	P43694	GATA4
MA0483.1	Gfi1b	O70237	Gfi1b
MA0484.2	HNF4G	Q14541	HNF4G
MA0485.2	HOXC9	P31274	HOXC9
MA0486.2	HSF1	Q00613	HSF1
MA0488.1	JUN	P05412	JUN
MA0489.1	JUN(var.2)	P05412	JUN
MA0490.2	JUNB	P17275	JUNB
MA0491.2	JUND	P17535	JUND
MA0492.1	JUND(var.2)	P17535	JUND
MA0493.1	Klf1	P46099	Klf1
MA0494.1	Nr1h3::Rxra	Q9Z0Y9	Nr1h3
MA0494.1	Nr1h3::Rxra	P28700	Rxra
MA0495.3	MAFF	Q9ULX9	MAFF
MA0496.3	MAFK	O60675	MAFK
MA0497.1	MEF2C	Q06413	MEF2C
MA0498.2	MEIS1	O00470	MEIS1
MA0499.2	MYOD1	P15172	MYOD1
MA0500.2	MYOG	P15173	MYOG
MA0501.1	MAF::NFE2	O75444	MAF
MA0501.1	MAF::NFE2	Q16621	NFE2
MA0502.2	NFYB	P25208	NFYB
MA0503.1	Nkx2-5(var.2)	P42582	Nkx2-5
MA0504.1	NR2C2	P49116	NR2C2
MA0505.1	Nr5a2	P45448	Nr5a2
MA0506.1	NRF1	Q16656	NRF1
MA0507.1	POU2F2	P09086	POU2F2
MA0508.3	PRDM1	O75626	PRDM1
MA0509.2	RFX1	P48743	RFX1
MA0510.2	RFX5	P48382	RFX5
MA0511.2	RUNX2	Q13950	RUNX2
MA0512.2	Rxra	P28700	Rxra
MA0513.1	SMAD2::SMAD3::SMAD4	Q15796	SMAD2
MA0513.1	SMAD2::SMAD3::SMAD4	P84022	SMAD3
MA0513.1	SMAD2::SMAD3::SMAD4	Q13485	SMAD4
MA0514.1	Sox3	P53784	Sox3
MA0515.1	Sox6	P40645	Sox6
MA0516.2	SP2	Q02086	SP2
MA0517.1	STAT1::STAT2	P42224	STAT1
MA0517.1	STAT1::STAT2	P52630	STAT2
MA0518.1	Stat4	P42228	Stat4
MA0519.1	Stat5a::Stat5b	P42230	Stat5a
MA0519.1	Stat5a::Stat5b	P42232	Stat5b
MA0520.1	Stat6	P52633	Stat6
MA0521.1	Tcf12	Q61286	Tcf12
MA0522.3	TCF3	P15923	TCF3
MA0523.1	TCF7L2	Q9NQB0	TCF7L2
MA0524.2	TFAP2C	Q92754	TFAP2C
MA0525.2	TP63	Q9H3D4	TP63
MA0526.3	USF2	Q15853	USF2
MA0527.1	ZBTB33	Q86T24	ZBTB33
MA0528.2	ZNF263	O14978	ZNF263
MA0591.1	Bach1::Mafk	P97302	Bach1
MA0591.1	Bach1::Mafk	Q61827	Mafk
MA0592.3	ESRRA	P11474	ESRRA
MA0593.1	FOXP2	O15409	FOXP2
MA0594.2	HOXA9	P31269	HOXA9
MA0595.1	SREBF1	P36956	SREBF1
MA0596.1	SREBF2	Q12772	SREBF2
MA0597.1	THAP1	Q9NVV9	THAP1
MA0598.3	EHF	Q9NZC4	EHF
MA0599.1	KLF5	Q13887	KLF5
MA0600.2	RFX2	P48378	RFX2
MA0601.1	Arid3b	Q9Z1N7	Arid3b
MA0602.1	Arid5a	Q3U108	Arid5a
MA0603.1	Arntl	Q9WTL8	Arntl
MA0604.1	Atf1	P81269	Atf1
MA0605.2	ATF3	P18847	ATF3
MA0606.1	NFAT5	A0A1D5NT38	NFAT5
MA0607.1	Bhlha15	Q9QYC3	Bhlha15
MA0608.1	Creb3l2	Q8BH52	Creb3l2
MA0609.2	CREM	Q03060	CREM
MA0610.1	DMRT3	Q9NQL9	DMRT3
MA0611.1	Dux	A1JVI8	Dux
MA0612.2	EMX1	Q04741	EMX1
MA0613.1	FOXG1	P55316	FOXG1
MA0614.1	Foxj2	Q9ES18	Foxj2
MA0615.1	Gmeb1	Q9JL60	Gmeb1
MA0616.2	HES2	Q9Y543	HES2
MA0618.1	LBX1	P52954	LBX1
MA0619.1	LIN54	F1NCE0	LIN54
MA0620.3	MITF	O75030	MITF
MA0621.1	mix-a	P21711	mix-a
MA0622.1	Mlxip	Q2VPU4	Mlxip
MA0623.2	NEUROG1	Q92886	NEUROG1
MA0624.1	NFATC1	G1MTN6	NFATC1
MA0625.1	NFATC3	Q12968	NFATC3
MA0626.1	Npas2	P97460	Npas2
MA0627.2	POU2F3	Q9UKI9	POU2F3
MA0628.1	POU6F1	Q14863	POU6F1
MA0629.1	Rhox11	Q810N8	Rhox11
MA0630.1	SHOX	O15266	SHOX
MA0631.1	Six3	Q62233	Six3
MA0632.2	TCFL5	Q9UL49	TCFL5
MA0633.1	Twist2	Q9D030	Twist2
MA0634.1	ALX3	O95076	ALX3
MA0635.1	BARHL2	Q9NY43	BARHL2
MA0636.1	BHLHE41	Q9C0J9	BHLHE41
MA0637.1	CENPB	P07199	CENPB
MA0638.1	CREB3	O43889	CREB3
MA0639.1	DBP	Q10586	DBP
MA0640.2	ELF3	P78545	ELF3
MA0641.1	ELF4	Q99607	ELF4
MA0642.1	EN2	P19622	EN2
MA0643.1	Esrrg	P62509	Esrrg
MA0644.1	ESX1	Q8N693	ESX1
MA0645.1	ETV6	P41212	ETV6
MA0646.1	GCM1	Q9NP62	GCM1
MA0647.1	GRHL1	Q9NZI5	GRHL1
MA0648.1	GSC	P56915	GSC
MA0649.1	HEY2	Q9UBP5	HEY2
MA0650.2	HOXA13	P31271	HOXA13
MA0651.1	HOXC11	O43248	HOXC11
MA0652.1	IRF8	Q02556	IRF8
MA0653.1	IRF9	Q00978	IRF9
MA0654.1	ISX	Q2M1V0	ISX
MA0655.1	JDP2	Q8WYK2	JDP2
MA0656.1	JDP2(var.2)	Q8WYK2	JDP2
MA0657.1	KLF13	Q9Y2Y9	KLF13
MA0658.1	LHX6	Q9UPM6	LHX6
MA0659.2	MAFG	O15525	MAFG
MA0660.1	MEF2B	Q02080	MEF2B
MA0661.1	MEOX1	P50221	MEOX1
MA0662.1	MIXL1	Q9H2W2	MIXL1
MA0663.1	MLX	Q9UH92	MLX
MA0664.1	MLXIPL	Q9NP71	MLXIPL
MA0665.1	MSC	O60682	MSC
MA0666.1	MSX1	P28360	MSX1
MA0667.1	MYF6	P23409	MYF6
MA0668.1	NEUROD2	Q15784	NEUROD2
MA0669.1	NEUROG2	Q9H2A3	NEUROG2
MA0670.1	NFIA	Q12857	NFIA
MA0671.1	NFIX	Q14938	NFIX
MA0672.1	NKX2-3	Q8TAU0	NKX2-3
MA0673.1	NKX2-8	O15522	NKX2-8
MA0674.1	NKX6-1	P78426	NKX6-1
MA0675.1	NKX6-2	Q9C056	NKX6-2
MA0676.1	Nr2e1	Q9Y466	NR2E1
MA0677.1	Nr2f6	P43136	Nr2f6
MA0678.1	OLIG2	Q13516	OLIG2
MA0679.2	ONECUT1	Q9UBC0	ONECUT1
MA0680.1	PAX7	P23759	PAX7
MA0681.2	PHOX2B	Q99453	PHOX2B
MA0682.2	PITX1	P78337	PITX1
MA0683.1	POU4F2	Q12837	POU4F2
MA0684.2	RUNX3	Q13761	RUNX3
MA0685.1	SP4	Q02446	SP4
MA0686.1	SPDEF	O95238	SPDEF
MA0687.1	SPIC	Q8N5J4	SPIC
MA0688.1	TBX2	Q13207	TBX2
MA0689.1	TBX20	Q9UMR3	TBX20
MA0690.1	TBX21	Q9UL17	TBX21
MA0691.1	TFAP4	Q01664	TFAP4
MA0692.1	TFEB	P19484	TFEB
MA0693.2	VDR	P11473	VDR
MA0694.1	ZBTB7B	O15156	ZBTB7B
MA0695.1	ZBTB7C	A1YPR0	ZBTB7C
MA0696.1	ZIC1	Q15915	ZIC1
MA0697.1	ZIC3	O60481	ZIC3
MA0698.1	ZBTB18	Q99592	ZBTB18
MA0699.1	LBX2	Q6XYB7	LBX2
MA0700.2	LHX2	P50458	LHX2
MA0701.2	LHX9	Q9NQ69	LHX9
MA0702.2	LMX1A	Q8TE12	LMX1A
MA0703.2	LMX1B	O60663	LMX1B
MA0704.1	Lhx4	P53776	Lhx4
MA0705.1	Lhx8	O35652	Lhx8
MA0706.1	MEOX2	Q6FHY5	MEOX2
MA0707.1	MNX1	P50219	MNX1
MA0708.1	MSX2	P35548	MSX2
MA0709.1	Msx3	P70354	Msx3
MA0710.1	NOTO	A8MTQ0	NOTO
MA0711.1	OTX1	P32242	OTX1
MA0712.2	OTX2	P32243	OTX2
MA0713.1	PHOX2A	O14813	PHOX2A
MA0714.1	PITX3	O75364	PITX3
MA0715.1	PROP1	O75360	PROP1
MA0716.1	PRRX1	P54821	PRRX1
MA0717.1	RAX2	Q96IS3	RAX2
MA0718.1	RAX	Q9Y2V3	RAX
MA0719.1	RHOXF1	Q8NHV9	RHOXF1
MA0720.1	Shox2	P70390	Shox2
MA0721.1	UNCX	A6NJT0	UNCX
MA0722.1	VAX1	Q5SQQ9	VAX1
MA0723.1	VAX2	Q9UIW0	VAX2
MA0724.1	VENTX	O95231	VENTX
MA0725.1	VSX1	Q9NZR4	VSX1
MA0726.1	VSX2	P58304	VSX2
MA0727.1	NR3C2	P08235	NR3C2
MA0728.1	Nr2f6(var.2)	P43136	Nr2f6
MA0729.1	RARA	P10276	RARA
MA0730.1	RARA(var.2)	P10276	RARA
MA0731.1	BCL6B	A8KA13	BCL6B
MA0732.1	EGR3	Q06889	EGR3
MA0733.1	EGR4	Q05215	EGR4
MA0734.2	GLI2	P10070	GLI2
MA0735.1	GLIS1	Q8NBF1	GLIS1
MA0736.1	GLIS2	Q9BZE0	GLIS2
MA0737.1	GLIS3	Q8NEA6	GLIS3
MA0738.1	HIC2	Q96JB3	HIC2
MA0739.1	Hic1	Q9R1Y5	Hic1
MA0740.1	KLF14	Q8TD94	KLF14
MA0741.1	KLF16	Q9BXK1	KLF16
MA0742.1	Klf12	O35738	Klf12
MA0743.2	SCRT1	Q9BWW7	SCRT1
MA0744.2	SCRT2	Q9NQ03	SCRT2
MA0745.2	SNAI2	O43623	SNAI2
MA0746.2	SP3	Q02447	SP3
MA0747.1	SP8	Q8IXZ3	SP8
MA0748.2	YY2	O15391	YY2
MA0749.1	ZBED1	O96006	ZBED1
MA0750.2	ZBTB7A	O95365	ZBTB7A
MA0751.1	ZIC4	Q8N9L1	ZIC4
MA0752.1	ZNF410	Q86VK4	ZNF410
MA0753.2	ZNF740	Q8NDX6	ZNF740
MA0754.1	CUX1	P39880	CUX1
MA0755.1	CUX2	O14529	CUX2
MA0756.1	ONECUT2	O95948	ONECUT2
MA0757.1	ONECUT3	O60422	ONECUT3
MA0758.1	E2F7	Q96AV8	E2F7
MA0759.1	ELK3	P41970	ELK3
MA0760.1	ERF	P50548	ERF
MA0761.2	ETV1	P50549	ETV1
MA0762.1	ETV2	Q3KNT2	ETV2
MA0763.1	ETV3	P41162	ETV3
MA0764.2	ETV4	P43268	ETV4
MA0765.2	ETV5	P41161	ETV5
MA0766.2	GATA5	Q9BWX5	GATA5
MA0767.1	GCM2	O75603	GCM2
MA0768.1	LEF1	Q9UJU2	LEF1
MA0769.2	TCF7	P36402	TCF7
MA0770.1	HSF2	Q03933	HSF2
MA0771.1	HSF4	Q9ULV5	HSF4
MA0772.1	IRF7	Q92985	IRF7
MA0773.1	MEF2D	Q05BX2	MEF2D
MA0774.1	MEIS2	O14770	MEIS2
MA0775.1	MEIS3	Q99687	MEIS3
MA0776.1	MYBL1	P10243	MYBL1
MA0777.1	MYBL2	P10244	MYBL2
MA0778.1	NFKB2	Q00653	NFKB2
MA0779.1	PAX1	P15863	PAX1
MA0780.1	PAX3	P23760	PAX3
MA0781.1	PAX9	P55771	PAX9
MA0782.2	PKNOX1	P55347	PKNOX1
MA0783.1	PKNOX2	Q96KN3	PKNOX2
MA0784.1	POU1F1	P28069	POU1F1
MA0785.1	POU2F1	P14859	POU2F1
MA0786.1	POU3F1	Q03052	POU3F1
MA0787.1	POU3F2	P20265	POU3F2
MA0788.1	POU3F3	P20264	POU3F3
MA0789.1	POU3F4	P49335	POU3F4
MA0790.1	POU4F1	Q01851	POU4F1
MA0791.1	POU4F3	Q15319	POU4F3
MA0792.1	POU5F1B	Q06416	POU5F1B
MA0793.1	POU6F2	P78424	POU6F2
MA0794.1	PROX1	Q92786	PROX1
MA0795.1	SMAD3	P84022	SMAD3
MA0796.1	TGIF1	Q15583	TGIF1
MA0797.1	TGIF2	Q9GZN2	TGIF2
MA0798.2	RFX3	P48380	RFX3
MA0799.1	RFX4	Q33E94	RFX4
MA0800.1	EOMES	O95936	EOMES
MA0801.1	MGA	Q8IWI9	MGA
MA0802.1	TBR1	Q16650	TBR1
MA0803.1	TBX15	Q96SF7	TBX15
MA0804.1	TBX19	O60806	TBX19
MA0805.1	TBX1	O43435	TBX1
MA0806.1	TBX4	P57082	TBX4
MA0807.1	TBX5	Q99593	TBX5
MA0808.1	TEAD3	Q99594	TEAD3
MA0809.2	TEAD4	Q15561	TEAD4
MA0810.1	TFAP2A(var.2)	P05549	TFAP2A
MA0811.1	TFAP2B	Q92481	TFAP2B
MA0812.1	TFAP2B(var.2)	Q92481	TFAP2B
MA0813.1	TFAP2B(var.3)	Q92481	TFAP2B
MA0814.2	TFAP2C(var.2)	Q92754	TFAP2C
MA0815.1	TFAP2C(var.3)	Q92754	TFAP2C
MA0816.1	Ascl2	O35885	Ascl2
MA0817.1	BHLHE23	Q8NDY6	BHLHE23
MA0818.1	BHLHE22	Q8NFJ8	BHLHE22
MA0819.1	CLOCK	O15516	CLOCK
MA0820.1	FIGLA	Q6QHK4	FIGLA
MA0821.1	HES5	Q5TA89	HES5
MA0822.1	HES7	Q9BYE0	HES7
MA0823.1	HEY1	Q9Y5J3	HEY1
MA0825.1	MNT	Q99583	MNT
MA0826.1	OLIG1	Q8TAK6	OLIG1
MA0827.1	OLIG3	Q7RTU3	OLIG3
MA0828.1	SREBF2(var.2)	Q12772	SREBF2
MA0829.2	SREBF1(var.2)	P36956	SREBF1
MA0830.2	TCF4	P15884	TCF4
MA0831.2	TFE3	P19532	TFE3
MA0832.1	Tcf21	O35437	Tcf21
MA0833.2	ATF4	P18848	ATF4
MA0834.1	ATF7	P17544	ATF7
MA0835.2	BATF3	Q9NR55	BATF3
MA0836.2	CEBPD	P49716	CEBPD
MA0837.1	CEBPE	Q15744	CEBPE
MA0838.1	CEBPG	P53567	CEBPG
MA0839.1	CREB3L1	Q96BA8	CREB3L1
MA0840.1	Creb5	Q8K1L0	Creb5
MA0841.1	NFE2	Q16621	NFE2
MA0842.2	NRL	P54845	NRL
MA0843.1	TEF	Q10587	TEF
MA0844.1	XBP1	P17861	XBP1
MA0845.1	FOXB1	Q99853	FOXB1
MA0846.1	FOXC2	Q99958	FOXC2
MA0847.2	FOXD2	O60548	FOXD2
MA0848.1	FOXO4	P98177	FOXO4
MA0849.1	FOXO6	A8MYZ6	FOXO6
MA0850.1	FOXP3	B7ZLG1	FOXP3
MA0851.1	Foxj3	Q8BUR3	Foxj3
MA0852.2	FOXK1	P85037	FOXK1
MA0853.1	Alx4	O35137	Alx4
MA0854.1	Alx1	Q8C8B0	Alx1
MA0855.1	RXRB	P28702	RXRB
MA0856.1	RXRG	P48443	RXRG
MA0857.1	Rarb	P22605	Rarb
MA0858.1	Rarb(var.2)	P22605	Rarb
MA0859.1	Rarg	P18911	Rarg
MA0860.1	Rarg(var.2)	P18911	Rarg
MA0861.1	TP73	O15350	TP73
MA0862.1	GMEB2	Q9UKD1	GMEB2
MA0863.1	MTF1	Q14872	MTF1
MA0864.2	E2F2	Q14209	E2F2
MA0865.1	E2F8	A0AVK6	E2F8
MA0866.1	SOX21	Q9Y651	SOX21
MA0867.2	SOX4	Q06945	SOX4
MA0868.2	SOX8	P57073	SOX8
MA0869.1	Sox11	Q7M6Y2	Sox11
MA0870.1	Sox1	P53783	Sox1
MA0871.2	TFEC	O14948	TFEC
MA0872.1	TFAP2A(var.3)	P05549	TFAP2A
MA0873.1	HOXD12	P35452	HOXD12
MA0874.1	Arx	O35085	Arx
MA0875.1	BARX1	Q9HBU1	BARX1
MA0876.1	BSX	Q3C1V8	BSX
MA0877.2	BARHL1	Q9BZE3	BARHL1
MA0878.2	CDX1	P47902	CDX1
MA0879.1	Dlx1	Q64317	Dlx1
MA0880.1	Dlx3	Q64205	Dlx3
MA0881.1	Dlx4	P70436	Dlx4
MA0882.1	DLX6	P56179	DLX6
MA0883.1	Dmbx1	Q91ZK4	Dmbx1
MA0884.1	DUXA	A6NLW8	DUXA
MA0885.1	Dlx2	P40764	Dlx2
MA0886.1	EMX2	Q04743	EMX2
MA0887.1	EVX1	P49640	EVX1
MA0888.1	EVX2	Q03828	EVX2
MA0889.1	GBX1	Q14549	GBX1
MA0890.1	GBX2	P52951	GBX2
MA0891.1	GSC2	O15499	GSC2
MA0892.1	GSX1	A4IFQ3	GSX1
MA0893.2	GSX2	Q9BZM3	GSX2
MA0894.1	HESX1	Q9UBX0	HESX1
MA0895.1	HMBOX1	Q6NT76	HMBOX1
MA0896.1	Hmx1	O70218	Hmx1
MA0897.1	Hmx2	P43687	Hmx2
MA0898.1	Hmx3	P42581	Hmx3
MA0899.1	HOXA10	P31260	HOXA10
MA0900.2	HOXA2	O43364	HOXA2
MA0901.2	HOXB13	Q92826	HOXB13
MA0902.2	HOXB2	P14652	HOXB2
MA0903.1	HOXB3	P14651	HOXB3
MA0904.2	HOXB5	P09067	HOXB5
MA0905.1	HOXC10	Q9NYD6	HOXC10
MA0906.1	HOXC12	P31275	HOXC12
MA0907.1	HOXC13	P31276	HOXC13
MA0908.1	HOXD11	P31277	HOXD11
MA0909.2	HOXD13	P35453	HOXD13
MA0910.2	HOXD8	P13378	HOXD8
MA0911.1	Hoxa11	P31270	HOXA11
MA0912.2	HOXD3	P31249	HOXD3
MA0913.2	HOXD9	P28356	HOXD9
MA0914.1	ISL2	Q96A47	ISL2
MA1099.2	HES1	Q14469	HES1
MA1100.2	ASCL1	P50553	ASCL1
MA1101.2	BACH2	Q9BYV9	BACH2
MA1102.2	CTCFL	Q8NI51	CTCFL
MA1103.2	FOXK2	Q01167	FOXK2
MA1104.2	GATA6	Q92908	GATA6
MA1105.2	GRHL2	Q6ISB3	GRHL2
MA1106.1	HIF1A	Q16665	HIF1A
MA1107.2	KLF9	Q13886	KLF9
MA1108.2	MXI1	P50539	MXI1
MA1109.1	NEUROD1	Q13562	NEUROD1
MA1110.1	NR1H4	Q96RI1	NR1H4
MA1111.1	NR2F2	P24468	NR2F2
MA1112.2	NR4A1	P22736	NR4A1
MA1113.2	PBX2	P40425	PBX2
MA1114.1	PBX3	P40426	PBX3
MA1115.1	POU5F1	Q01860	POU5F1
MA1116.1	RBPJ	Q06330	RBPJ
MA1117.1	RELB	Q01201	RELB
MA1118.1	SIX1	Q15475	SIX1
MA1119.1	SIX2	Q9NPC8	SIX2
MA1120.1	SOX13	Q9UN79	SOX13
MA1121.1	TEAD2	Q15562	TEAD2
MA1122.1	TFDP1	Q14186	TFDP1
MA1123.2	TWIST1	Q15672	TWIST1
MA1124.1	ZNF24	P17028	ZNF24
MA1125.1	ZNF384	Q8TF68	ZNF384
MA1126.1	FOS::JUN(var.2)	P01100	FOS
MA1126.1	FOS::JUN(var.2)	P05412	JUN
MA1127.1	FOSB::JUN	P53539	FOSB
MA1127.1	FOSB::JUN	P05412	JUN
MA1128.1	FOSL1::JUN	P15407	FOSL1
MA1128.1	FOSL1::JUN	P05412	JUN
MA1129.1	FOSL1::JUN(var.2)	P15407	FOSL1
MA1129.1	FOSL1::JUN(var.2)	P05412	JUN
MA1130.1	FOSL2::JUN	P15408	FOSL2
MA1130.1	FOSL2::JUN	P05412	JUN
MA1131.1	FOSL2::JUN(var.2)	P15408	FOSL2
MA1131.1	FOSL2::JUN(var.2)	P05412	JUN
MA1132.1	JUN::JUNB	P05412	JUN
MA1132.1	JUN::JUNB	P17275	JUNB
MA1133.1	JUN::JUNB(var.2)	P05412	JUN
MA1133.1	JUN::JUNB(var.2)	P17275	JUNB
MA1134.1	FOS::JUNB	P01100	FOS
MA1134.1	FOS::JUNB	P17275	JUNB
MA1135.1	FOSB::JUNB	P53539	FOSB
MA1135.1	FOSB::JUNB	P17275	JUNB
MA1136.1	FOSB::JUNB(var.2)	P53539	FOSB
MA1136.1	FOSB::JUNB(var.2)	P17275	JUNB
MA1137.1	FOSL1::JUNB	P15407	FOSL1
MA1137.1	FOSL1::JUNB	P17275	JUNB
MA1138.1	FOSL2::JUNB	P15408	FOSL2
MA1138.1	FOSL2::JUNB	P17275	JUNB
MA1139.1	FOSL2::JUNB(var.2)	P15408	FOSL2
MA1139.1	FOSL2::JUNB(var.2)	P17275	JUNB
MA1140.2	JUNB(var.2)	P17275	JUNB
MA1141.1	FOS::JUND	P01100	FOS
MA1141.1	FOS::JUND	P17535	JUND
MA1142.1	FOSL1::JUND	P15407	FOSL1
MA1142.1	FOSL1::JUND	P17535	JUND
MA1143.1	FOSL1::JUND(var.2)	P15407	FOSL1
MA1143.1	FOSL1::JUND(var.2)	P17535	JUND
MA1144.1	FOSL2::JUND	P15408	FOSL2
MA1144.1	FOSL2::JUND	P17535	JUND
MA1145.1	FOSL2::JUND(var.2)	P15408	FOSL2
MA1145.1	FOSL2::JUND(var.2)	P17535	JUND
MA1146.1	NR1H4::RXRA	Q96RI1	NR1H4
MA1146.1	NR1H4::RXRA	P19793	RXRA
MA1147.1	NR4A2::RXRA	P43354	NR4A2
MA1147.1	NR4A2::RXRA	P19793	RXRA
MA1148.1	PPARA::RXRA	Q07869	PPARA
MA1148.1	PPARA::RXRA	P19793	RXRA
MA1149.1	RARA::RXRG	P10276	RARA
MA1149.1	RARA::RXRG	P48443	RXRG
MA1150.1	RORB	Q92753	RORB
MA1151.1	RORC	P51449	RORC
MA1152.1	SOX15	O60248	SOX15
MA1153.1	Smad4	P97471	Smad4
MA1154.1	ZNF282	Q9UDV7	ZNF282
MA1155.1	ZSCAN4	Q8NAM6	ZSCAN4
MA1418.1	IRF3	Q14653	IRF3
MA1419.1	IRF4	Q15306	IRF4
MA1420.1	IRF5	Q13568	IRF5
MA1421.1	TCF7L1	Q9HCS4	TCF7L1
MA1463.1	ARGFX	A6NJG6	ARGFX
MA1464.1	ARNT2	Q9HBZ2	ARNT2
MA1466.1	ATF6	P18850	ATF6
MA1467.1	ATOH1(var.2)	Q92858	ATOH1
MA1468.1	ATOH7	Q8N100	ATOH7
MA1470.1	BACH2(var.2)	Q9BYV9	BACH2
MA1471.1	BARX2	Q9UMQ3	BARX2
MA1472.1	BHLHA15(var.2)	Q7RTS1	BHLHA15
MA1473.1	CDX4	O14627	CDX4
MA1474.1	CREB3L4	Q8TEY5	CREB3L4
MA1475.1	CREB3L4(var.2)	Q8TEY5	CREB3L4
MA1476.1	DLX5	P56178	DLX5
MA1478.1	DMRTA2	Q96SC8	DMRTA2
MA1479.1	DMRTC2	Q8IXT2	DMRTC2
MA1480.1	DPRX	A6NFQ7	DPRX
MA1481.1	DRGX	A6NNA5	DRGX
MA1483.1	ELF2	Q15723	ELF2
MA1484.1	ETS2	P15036	ETS2
MA1485.1	FERD3L	Q96RJ6	FERD3L
MA1487.1	FOXE1	O00358	FOXE1
MA1489.1	FOXN3	O00409	FOXN3
MA1491.1	GLI3	P10071	GLI3
MA1493.1	HES6	Q96HZ4	HES6
MA1494.1	HNF4A(var.2)	P41235	HNF4A
MA1495.1	HOXA1	P49639	HOXA1
MA1496.1	HOXA4	Q00056	HOXA4
MA1497.1	HOXA6	P31267	HOXA6
MA1498.1	HOXA7	P31268	HOXA7
MA1499.1	HOXB4	P17483	HOXB4
MA1500.1	HOXB6	P17509	HOXB6
MA1501.1	HOXB7	P09629	HOXB7
MA1502.1	HOXB8	P17481	HOXB8
MA1503.1	HOXB9	P17482	HOXB9
MA1504.1	HOXC4	P09017	HOXC4
MA1505.1	HOXC8	P31273	HOXC8
MA1506.1	HOXD10	P28358	HOXD10
MA1507.1	HOXD4	P09016	HOXD4
MA1508.1	IKZF1	Q13422	IKZF1
MA1509.1	IRF6	O14896	IRF6
MA1511.1	KLF10	Q13118	KLF10
MA1512.1	KLF11	O14901	KLF11
MA1513.1	KLF15	Q9UIH9	KLF15
MA1514.1	KLF17	Q5JT82	KLF17
MA1515.1	KLF2	Q9Y5W3	KLF2
MA1516.1	KLF3	P57682	KLF3
MA1517.1	KLF6	Q99612	KLF6
MA1518.1	LHX1	P48742	LHX1
MA1519.1	LHX5	Q9H2C1	LHX5
MA1520.1	MAF	O75444	MAF
MA1521.1	MAFA	Q8NHW3	MAFA
MA1522.1	MAZ	P56270	MAZ
MA1523.1	MSANTD3	Q96H12	MSANTD3
MA1524.1	MSGN1	A6NI15	MSGN1
MA1525.1	NFATC4	Q14934	NFATC4
MA1527.1	NFIC(var.2)	P08651	NFIC
MA1528.1	NFIX(var.2)	Q14938	NFIX
MA1529.1	NHLH2	Q02577	NHLH2
MA1530.1	NKX6-3	A6NJ46	NKX6-3
MA1531.1	NR1D1	P20393	NR1D1
MA1532.1	NR1D2	Q14995	NR1D2
MA1533.1	NR1I2	O75469	NR1I2
MA1534.1	NR1I3	Q14994	NR1I3
MA1535.1	NR2C1	P13056	NR2C1
MA1536.1	NR2C2(var.2)	P49116	NR2C2
MA1537.1	NR2F1(var.2)	P10589	NR2F1
MA1538.1	NR2F1(var.3)	P10589	NR2F1
MA1539.1	NR2F6(var.3)	P10588	NR2F6
MA1540.1	NR5A1	Q13285	NR5A1
MA1541.1	NR6A1	Q15406	NR6A1
MA1542.1	OSR1	Q8TAX0	OSR1
MA1544.1	OVOL1	O14753	OVOL1
MA1545.1	OVOL2	Q9BRP0	OVOL2
MA1546.1	PAX3(var.2)	P23760	PAX3
MA1547.1	PITX2	Q99697	PITX2
MA1548.1	PLAGL2	Q9UPG8	PLAGL2
MA1549.1	POU6F1(var.2)	Q14863	POU6F1
MA1550.1	PPARD	Q03181	PPARD
MA1552.1	RARB(var.3)	P10826	RARB
MA1553.1	RARG(var.3)	P13631	RARG
MA1554.1	RFX7	O14593	RFXANK
MA1555.1	RXRB(var.2)	P28702	RXRB
MA1556.1	RXRG(var.2)	P48443	RXRG
MA1557.1	SMAD5	Q99717	SMAD5
MA1558.1	SNAI1	O95863	SNAI1
MA1559.1	SNAI3	Q3KNW1	SNAI3
MA1560.1	SOHLH2	Q9NX45	SOHLH2
MA1561.1	SOX12	O15370	SOX12
MA1562.1	SOX14	O95416	SOX14
MA1563.1	SOX18	P35713	SOX18
MA1564.1	SP9	P0CG40	SP9
MA1565.1	TBX18	O95935	TBX18
MA1566.1	TBX3	O15119	TBX3
MA1567.1	TBX6	O95947	TBX6
MA1568.1	TCF21(var.2)	O43680	TCF21
MA1569.1	TFAP2E	Q6VUC0	TFAP2E
MA1570.1	TFAP4(var.2)	Q01664	TFAP4
MA1571.1	TGIF2LX	Q8IUE1	TGIF2LX
MA1572.1	TGIF2LY	Q8IUE0	TGIF2LY
MA1573.1	THAP11	Q96EK4	THAP11
MA1574.1	THRB	P10828	THRB
MA1575.1	THRB(var.2)	P10828	THRB
MA1576.1	THRB(var.3)	P10828	THRB
MA1577.1	TLX2	O43763	TLX2
MA1578.1	VEZF1	Q14119	VEZF1
MA1579.1	ZBTB26	Q9HCK0	ZBTB26
MA1580.1	ZBTB32	Q9Y2Y4	ZBTB32
MA1581.1	ZBTB6	Q15916	ZBTB6
MA1583.1	ZFP57	Q9NU63	ZFP57
MA1584.1	ZIC5	Q96T25	ZIC5
MA1585.1	ZKSCAN1	P17029	ZKSCAN1
MA1587.1	ZNF135	P52742	ZNF135
MA1588.1	ZNF136	P52737	ZNF136
MA1589.1	ZNF140	P52738	ZNF140
MA1592.1	ZNF274	Q96GC6	ZNF274
MA1593.1	ZNF317	Q96PQ6	ZNF317
MA1594.1	ZNF382	Q96SR6	ZNF382
MA1596.1	ZNF460	Q14592	ZNF460
MA1597.1	ZNF528	Q3MIS6	ZNF528
MA1599.1	ZNF682	O95780	ZNF682
MA1600.1	ZNF684	Q5T5D7	ZNF684
MA1601.1	ZNF75D	P51815	ZNF75D
MA1602.1	ZSCAN29	Q8IWY8	ZSCAN29
MA1603.1	Dmrt1	Q9QZ59	Dmrt1
MA1604.1	Ebf2	O08792	Ebf2
MA1606.1	Foxf1	Q61080	Foxf1
MA1607.1	Foxl2	O88470	Foxl2
MA1608.1	Isl1	P61372	Isl1
MA1615.1	Plagl1	O35745	Plagl1
MA1616.1	Prdm15	E9Q8T2	Prdm15
MA1618.1	Ptf1a	Q9QX98	Ptf1a
MA1619.1	Ptf1a(var.2)	Q9QX98	Ptf1a
MA1620.1	Ptf1a(var.3)	Q9QX98	Ptf1a
MA1621.1	Rbpjl	O08674	Rbpjl
MA1622.1	Smad2::Smad3	Q15796	SMAD2
MA1622.1	Smad2::Smad3	Q8BUN5	Smad3
MA1623.1	Stat2	Q9WVL2	Stat2
MA1624.1	Stat5a	P42230	Stat5a
MA1625.1	Stat5b	P42232	Stat5b
MA1627.1	Wt1	P22561	Wt1
MA1628.1	Zic1::Zic2	P46684	Zic1
MA1628.1	Zic1::Zic2	Q62520	Zic2
MA1629.1	Zic2	Q62520	Zic2
MA1630.1	Znf281	Q99LI5	Znf281
MA1631.1	ASCL1(var.2)	P50553	ASCL1
MA1632.1	ATF2	P15336	ATF2
MA1633.1	BACH1	O14867	BACH1
MA1634.1	BATF	Q16520	BATF
MA1635.1	BHLHE22(var.2)	Q8NFJ8	BHLHE22
MA1636.1	CEBPG(var.2)	P53567	CEBPG
MA1637.1	EBF3	Q9H4W6	EBF3
MA1638.1	HAND2	P61296	HAND2
MA1639.1	MEIS1(var.2)	O00470	MEIS1
MA1640.1	MEIS2(var.2)	O14770	MEIS2
MA1641.1	MYF5	P13349	MYF5
MA1642.1	NEUROG2(var.2)	Q9H2A3	NEUROG2
MA1643.1	NFIB	O00712	NFIB
MA1644.1	NFYC	Q13952	NFYC
MA1645.1	NKX2-2	O95096	NKX2-2
MA1646.1	OSR2	Q8N2R0	OSR2
MA1647.1	PRDM4	Q9UKN5	PRDM4
MA1648.1	TCF12(var.2)	Q99081	TCF12
MA1649.1	ZBTB12	Q9Y330	ZBTB12
MA1650.1	ZBTB14	O43829	ZBTB14
MA1651.1	ZFP42	Q96MM3	ZFP42
MA1652.1	ZKSCAN5	Q9Y2L8	ZKSCAN5
MA1653.1	ZNF148	Q9UQR1	ZNF148
MA1654.1	ZNF16	P17020	ZNF16
MA1655.1	ZNF341	Q9BYN7	ZNF341
MA1656.1	ZNF449	Q6P9G9	ZNF449
MA1657.1	ZNF652	Q9Y2D9	ZNF652
MA1683.1	FOXA3	P55318	FOXA3
